,City,Cloudiness,Country,Date,Humidity,Lat,Lng,Max Temp,Wind Speed,Temperature
0,plettenberg bay,0,ZA,2018-10-20,100,-34.05,23.37,14.5,8.76,14.5
1,pangnirtung,32,CA,2018-10-20,100,66.15,-65.72,-8.83,2.11,-8.83
2,hilo,75,US,2018-10-20,83,19.71,-155.08,24,5.01,20.04
3,hermanus,20,ZA,2018-10-20,52,-34.42,19.24,13.43,4.86,13.43
4,jacareacanga,8,BR,2018-10-20,92,-6.22,-57.76,25.35,1.41,25.35
5,cherskiy,68,RU,2018-10-20,89,68.75,161.3,-10.48,2.16,-10.48
6,albany,90,US,2018-10-20,81,42.65,-73.75,9,2.1,8.49
7,lorengau,36,PG,2018-10-20,100,-2.02,147.27,26.63,2.06,26.63
8,pemba,40,MZ,2018-10-20,94,-12.97,40.52,23,2.6,23
9,sao miguel,80,BR,2018-10-20,88,4.52,-61.01,21.6,1.06,21.6
10,torbay,90,CA,2018-10-20,87,47.66,-52.73,10,11.3,10
11,arman,90,RU,2018-10-20,100,59.7,150.17,4,1.66,4
12,peniche,20,PT,2018-10-20,82,39.36,-9.38,17,4.1,17
13,saskylakh,76,RU,2018-10-20,85,71.97,114.09,-10.05,2.31,-10.05
14,busselton,92,AU,2018-10-20,100,-33.64,115.35,16.53,10.56,16.53
15,nouadhibou,100,MR,2018-10-20,77,20.93,-17.03,21,5.7,21
16,barrow,56,AR,2018-10-20,60,-38.31,-60.23,14.1,4.56,14.1
17,mataura,8,NZ,2018-10-20,72,-46.19,168.86,21.65,2.66,21.65
18,marawi,56,PH,2018-10-20,88,8,124.29,25.15,1.01,25.15
19,belmonte,44,PT,2018-10-20,93,40.36,-7.35,13.88,3.91,13.88
20,sept-iles,75,CA,2018-10-20,86,50.2,-66.38,4,6.7,4
21,mar del plata,36,AR,2018-10-20,44,-46.43,-67.52,12.05,5.61,12.05
22,thompson,75,CA,2018-10-20,63,55.74,-97.86,-3,3.6,-3
23,qaanaaq,20,GL,2018-10-20,100,77.48,-69.36,-16.33,6.36,-16.33
24,punta arenas,0,CL,2018-10-20,65,-53.16,-70.91,7,8.7,7
25,bluff,0,AU,2018-10-20,40,-23.58,149.07,33.15,3.11,33.15
26,isangel,100,VU,2018-10-20,100,-19.55,169.27,21.68,11.16,21.68
27,rikitea,68,PF,2018-10-20,100,-23.12,-134.97,24.2,4.71,24.2
28,galanta,0,SK,2018-10-20,65,48.19,17.73,7,4.6,7
29,ushuaia,90,AR,2018-10-20,75,-54.81,-68.31,5,9.3,5
30,tiksi,68,RU,2018-10-20,85,71.64,128.87,-7.13,2.31,-7.13
31,kamaishi,20,JP,2018-10-20,55,39.28,141.86,17,1,17
32,ligayan,88,PH,2018-10-20,100,4.65,119.47,27.8,2.71,27.8
33,castro,92,CL,2018-10-20,97,-42.48,-73.76,8.6,3.91,8.6
34,novi ligure,0,IT,2018-10-20,55,44.76,8.79,19,2.6,19
35,edson,1,CA,2018-10-20,26,53.59,-116.44,8,2.6,8
36,monterey,1,US,2018-10-20,52,36.6,-121.89,18,3.1,15.7
37,chumikan,0,RU,2018-10-20,70,54.72,135.31,3.18,3.76,3.18
38,puerto ayora,12,EC,2018-10-20,100,-0.74,-90.35,21.18,6.46,21.18
39,belushya guba,,,,,,,,,
40,atuona,76,PF,2018-10-20,100,-9.8,-139.03,25.65,7.51,25.65
41,alice springs,0,AU,2018-10-20,14,-23.7,133.88,26,3.1,26
42,grand river south east,,,,,,,,,
43,new norfolk,20,AU,2018-10-20,48,-42.78,147.06,16,5.1,16
44,tasiilaq,0,GL,2018-10-20,68,65.61,-37.64,-1,6.2,-1
45,xuddur,0,SO,2018-10-20,93,4.12,43.89,19.25,3.06,19.25
46,vanavara,64,RU,2018-10-20,84,60.35,102.28,-0.63,1.66,-0.63
47,luderitz,48,NA,2018-10-20,93,-26.65,15.16,14,2.1,14
48,kumluca,0,TR,2018-10-20,85,36.37,30.29,2.5,0.61,2.5
49,kruisfontein,44,ZA,2018-10-20,85,-34,24.73,14.3,5.36,14.3
50,ilo,88,PE,2018-10-20,100,-17.65,-71.34,14.65,0.86,14.65
51,nurota,0,UZ,2018-10-20,60,40.56,65.69,6,5.1,6
52,beaverlodge,20,CA,2018-10-20,42,55.21,-119.43,8,5.1,8
53,darnah,0,LY,2018-10-20,99,32.77,22.64,24,4.81,24
54,saleaula,,,,,,,,,
55,jamestown,0,AU,2018-10-20,38,-33.21,138.6,21.9,2.96,21.9
56,samalaeulu,,,,,,,,,
57,alotau,,,,,,,,,
58,ust-tsilma,76,RU,2018-10-20,83,65.44,52.15,-2.95,1.16,-2.95
59,port alfred,68,ZA,2018-10-20,92,-33.59,26.89,15.28,3.21,15.28
60,svetlogorsk,75,RU,2018-10-20,88,53.14,59.15,5,3,5
61,fort smith,1,US,2018-10-20,75,35.39,-94.42,14,3.76,10.25
62,mount isa,0,AU,2018-10-20,13,-20.73,139.49,33,3.1,33
63,namatanai,12,PG,2018-10-20,100,-3.66,152.44,28.25,2.06,28.25
64,nikolskoye,20,RU,2018-10-20,93,59.7,30.79,5,1,5
65,sinjai,48,ID,2018-10-20,62,-5.12,120.25,30.38,1.51,30.38
66,bambous virieux,40,MU,2018-10-20,88,-20.34,57.76,22,1,22
67,inirida,12,CO,2018-10-20,82,3.87,-67.92,27.1,1.66,27.1
68,sierra vista,1,US,2018-10-20,59,31.55,-110.3,19,5.1,18.38
69,pacific grove,1,US,2018-10-20,52,36.62,-121.92,18,3.1,15.7
70,anito,80,PH,2018-10-20,100,12.45,125.29,27.1,2.16,27.1
71,clyde river,90,CA,2018-10-20,92,70.47,-68.59,-13,5.7,-13
72,vinh,64,VN,2018-10-20,100,18.67,105.69,25.75,1.06,25.75
73,lianzhou,92,CN,2018-10-20,98,24.79,112.38,19.93,1.21,19.93
74,karasjok,92,NO,2018-10-20,86,69.47,25.52,1,10.8,1
75,lebu,20,ET,2018-10-20,76,8.96,38.73,12,2.1,12
76,atambua,0,ID,2018-10-20,77,-9.11,124.89,30.28,1.96,30.28
77,cabo san lucas,5,MX,2018-10-20,83,22.89,-109.91,26,3.66,25.53
78,bethel,1,US,2018-10-20,80,60.79,-161.76,4,4.1,4
79,ulaanbaatar,40,MN,2018-10-20,30,47.92,106.92,5,4,5
80,diego de almagro,36,CL,2018-10-20,94,-26.39,-70.05,12.85,1.06,12.85
81,vaini,8,IN,2018-10-20,68,15.34,74.49,24.15,1.51,24.15
82,hobart,20,AU,2018-10-20,48,-42.88,147.33,16,5.1,16
83,sitka,0,US,2018-10-20,54,37.17,-99.65,11.25,4.56,11.25
84,devonport,20,AU,2018-10-20,77,-41.18,146.36,15.5,2.81,15.5
85,vitim,76,RU,2018-10-20,81,59.44,112.57,-3.23,1.46,-3.23
86,anadyr,75,RU,2018-10-20,86,64.73,177.51,-3,6,-3
87,pueblo nuevo,92,MX,2018-10-20,63,23.99,-106.96,29.15,1.76,29.15
88,zhanatas,,,,,,,,,
89,chokurdakh,0,RU,2018-10-20,81,70.62,147.9,-10.13,5.36,-10.13
90,kapaa,40,US,2018-10-20,61,22.08,-159.32,30,7.2,28.65
91,askiz,20,RU,2018-10-20,89,53.13,90.53,-0.38,1.96,-0.38
92,taolanaro,,,,,,,,,
93,natal,0,BR,2018-10-20,78,-5.81,-35.21,25,2.6,25
94,ancud,88,CL,2018-10-20,86,-41.87,-73.83,9.78,4.66,9.78
95,male,44,UA,2018-10-20,73,50.74,33.7,7.6,3.76,7.6
96,saint george,20,GR,2018-10-20,87,39.45,22.34,14,2.1,14
97,ayan,92,TR,2018-10-20,99,40.67,33.6,8.63,1.16,8.63
98,alta floresta,12,BR,2018-10-20,95,-9.87,-56.08,23.28,1.06,23.28
99,sao joao da barra,92,BR,2018-10-20,100,-21.64,-41.05,21.7,6.51,21.7
100,lavrentiya,64,RU,2018-10-20,100,65.58,-170.99,4.7,6.91,4.7
101,roald,92,NO,2018-10-20,93,62.58,6.12,12,11.3,11.58
102,adrar,0,DZ,2018-10-20,25,27.87,-0.29,23,3.1,23
103,bilibino,80,RU,2018-10-20,73,68.06,166.44,-11.4,1.41,-11.4
104,musafirkhana,0,IN,2018-10-20,46,26.37,81.8,27.3,2.06,27.3
105,klyuchi,92,RU,2018-10-20,94,52.25,79.17,5.5,7.41,5.5
106,topolobampo,20,MX,2018-10-20,57,25.6,-109.05,27,5.1,27
107,georgetown,75,GY,2018-10-20,100,6.8,-58.16,24,1,24
108,kupang,0,ID,2018-10-20,72,-10.16,123.6,31.03,2.21,31.03
109,codrington,64,AU,2018-10-20,82,-28.95,153.24,22.75,1.46,22.75
110,avarua,75,CK,2018-10-20,69,-21.21,-159.78,24,4.6,24
111,tremedal,76,BR,2018-10-20,94,-14.98,-41.41,18.9,5.46,18.9
112,mahaicony,,,,,,,,,
113,faya,40,SA,2018-10-20,87,18.39,42.45,15,1.21,15
114,souillac,0,FR,2018-10-20,82,45.6,-0.6,13,2.1,11.89
115,miri,0,NG,2018-10-20,68,10.31,9.75,18.05,1.21,18.05
116,astana,0,KZ,2018-10-20,65,51.13,71.43,5,8,5
117,quanzhou,0,CN,2018-10-20,57,24.9,118.59,24,3,24
118,praia,0,BR,2018-10-20,60,-20.25,-43.81,20,4.1,20
119,malwan,,,,,,,,,
120,ratnagiri,8,IN,2018-10-20,93,16.98,73.3,29.53,2.71,29.53
121,coahuayana,44,MX,2018-10-20,93,18.62,-100.35,19.13,1.21,19.13
122,toul,8,FR,2018-10-20,100,48.68,5.89,6,1,6
123,hithadhoo,44,MV,2018-10-20,100,-0.6,73.08,26.95,2.96,26.95
124,itarema,12,BR,2018-10-20,94,-2.92,-39.92,23.7,4.16,23.7
125,gusinoye ozero,36,RU,2018-10-20,77,51.11,106.26,1.88,2.81,1.88
126,skibbereen,75,IE,2018-10-20,100,51.55,-9.27,12,4.1,12
127,dzhusaly,,,,,,,,,
128,mananjary,0,MG,2018-10-20,85,-19.16,46.8,10.9,0.81,10.9
129,katokhi,,,,,,,,,
130,jolo,90,US,2018-10-20,70,37.33,-81.81,12,5.1,9.97
131,taywarah,0,AF,2018-10-20,66,33.35,64.42,-4.73,0.91,-4.73
132,san cristobal,20,EC,2018-10-20,81,-0.39,-78.55,11,3.6,11
133,carnarvon,36,ZA,2018-10-20,34,-30.97,22.13,7.4,8.26,7.4
134,kavieng,12,PG,2018-10-20,100,-2.57,150.8,28.05,2.06,28.05
135,norman wells,75,CA,2018-10-20,92,65.28,-126.83,-2,6.2,-2
136,bathsheba,75,BB,2018-10-20,83,13.22,-59.52,27,7.7,27
137,auki,0,NG,2018-10-20,39,12.18,6.51,18.2,3.56,18.2
138,faanui,12,PF,2018-10-20,100,-16.48,-151.75,27.43,2.51,27.43
139,amderma,,,,,,,,,
140,narsaq,0,GL,2018-10-20,52,60.91,-46.05,-7,3.1,-7
141,lazaro cardenas,90,MX,2018-10-20,100,28.39,-105.62,14,1.5,14
142,kalmunai,8,LK,2018-10-20,98,7.42,81.82,25.85,1.76,25.85
143,churapcha,76,RU,2018-10-20,64,62,132.43,-4,1.66,-4
144,hualmay,56,PE,2018-10-20,98,-11.1,-77.61,13.1,2.11,13.1
145,catalina,40,CO,2018-10-20,94,8.86,-75.38,25,2.31,25
146,camacha,40,PT,2018-10-20,88,33.08,-16.33,18,1.5,18
147,cape town,0,ZA,2018-10-20,58,-33.93,18.42,14,3.6,14
148,vallenar,0,CL,2018-10-20,72,-28.58,-70.76,9.85,0.96,9.85
149,bambanglipuro,0,ID,2018-10-20,60,-7.95,110.28,30,2.46,30
150,lima,36,PE,2018-10-20,77,-12.06,-77.04,11.18,0.61,11.18
151,chilca,75,PE,2018-10-20,81,-13.22,-72.34,9,0.26,9
152,yellowknife,20,CA,2018-10-20,80,62.45,-114.38,2,4.6,2
153,raga,,,,,,,,,
154,pisco,0,PE,2018-10-20,77,-13.71,-76.2,18,1.5,18
155,yerbogachen,88,RU,2018-10-20,85,61.28,108.01,-2.05,1.66,-2.05
156,kloulklubed,75,PW,2018-10-20,83,7.04,134.26,28,3.1,28
157,ipixuna,0,BR,2018-10-20,83,-1.76,-48.8,26,4.1,26
158,kirakira,92,SB,2018-10-20,100,-10.46,161.92,27.4,3.21,27.4
159,barentsburg,,,,,,,,,
160,kostino,20,BG,2018-10-20,93,41.7,25.3,11,2.6,11
161,assomada,20,CV,2018-10-20,78,15.1,-23.68,25,7.7,25
162,halalo,,,,,,,,,
163,baracoa,8,CU,2018-10-20,100,20.35,-74.5,26.45,5.46,26.45
164,la palma,32,CO,2018-10-20,100,5.36,-74.39,18.7,0.41,18.7
165,osa,64,RU,2018-10-20,79,57.28,55.46,0.5,3.91,0.5
166,labuhan,92,ID,2018-10-20,89,-2.54,115.51,25.68,0.41,25.68
167,severo-kurilsk,76,RU,2018-10-20,97,50.68,156.12,5.95,2.26,5.95
168,ellisras,32,ZA,2018-10-20,69,-23.67,27.74,15.15,6.21,15.15
169,uribia,36,CO,2018-10-20,88,11.71,-72.27,24.93,3.81,24.93
170,sam chuk,64,TH,2018-10-20,86,14.75,100.09,27.75,4.11,27.75
171,henties bay,88,NA,2018-10-20,100,-22.12,14.28,14.15,2.06,14.15
172,nanakuli,1,US,2018-10-20,61,21.39,-158.15,30,5.1,28.5
173,lao cai,12,VN,2018-10-20,80,22.48,103.95,23.05,0.61,23.05
174,pevek,88,RU,2018-10-20,100,69.7,170.27,-3.1,3.86,-3.1
175,portland,1,US,2018-10-20,71,45.52,-122.67,15,3.1,14.15
176,ribeira grande,88,PT,2018-10-20,100,38.52,-28.7,20.2,7.96,20.2
177,butaritari,20,KI,2018-10-20,100,3.07,172.79,29.1,1.66,29.1
178,bredasdorp,36,ZA,2018-10-20,62,-34.53,20.04,14,6.7,14
179,vila velha,40,BR,2018-10-20,74,-3.71,-38.6,27,3.6,27
180,cherkasy,68,UA,2018-10-20,94,49.44,32.06,9.53,3.81,9.53
181,aripuana,8,BR,2018-10-20,91,-9.17,-60.63,24.5,1.11,24.5
182,arraial do cabo,12,BR,2018-10-20,96,-22.97,-42.02,20.4,4.11,20.4
183,sur,0,OM,2018-10-20,94,22.57,59.53,27.43,1.16,27.43
184,banda aceh,32,ID,2018-10-20,81,5.56,95.32,27.88,1.41,27.88
185,northampton,0,GB,2018-10-20,93,52.24,-0.9,10,1.5,8.72
186,geraldton,75,CA,2018-10-20,74,49.72,-86.95,-2,2.6,-2
187,urumqi,,,,,,,,,
188,jamame,92,SO,2018-10-20,92,0.07,42.75,24.6,1.96,24.6
189,aklavik,90,CA,2018-10-20,92,68.22,-135.01,-5,2.1,-5
190,chipinge,64,ZW,2018-10-20,85,-20.19,32.62,15.85,4.66,15.85
191,jujuy,,,,,,,,,
192,seabra,88,BR,2018-10-20,98,-12.42,-41.77,18.63,2.96,18.63
193,itambacuri,76,BR,2018-10-20,84,-18.04,-41.68,17.55,4.91,17.55
194,iqaluit,90,CA,2018-10-20,92,63.75,-68.52,-9,4.1,-9
195,nabire,24,ID,2018-10-20,84,-3.36,135.5,25.65,1.06,25.65
196,illoqqortoormiut,,,,,,,,,
197,maragogi,12,BR,2018-10-20,99,-9.01,-35.22,22.55,3.76,22.55
198,kanelovskaya,76,RU,2018-10-20,100,46.59,39.19,10.55,1.06,10.55
199,college,75,US,2018-10-20,93,64.86,-147.8,2,2.1,1.63
200,tuktoyaktuk,75,CA,2018-10-20,92,69.44,-133.03,-6,3.6,-6
201,parsabad,44,AZ,2018-10-20,91,39.65,47.92,10.4,1.56,10.4
202,tezu,0,IN,2018-10-20,56,27.93,96.16,20.28,0.21,20.28
203,nome,90,US,2018-10-20,88,30.04,-94.42,20,4.1,19
204,tsihombe,,,,,,,,,
205,chicama,12,PE,2018-10-20,88,-7.84,-79.15,17,5.1,17
206,sao filipe,48,CV,2018-10-20,95,14.9,-24.5,26.68,4.56,26.68
207,kununurra,0,AU,2018-10-20,55,-15.77,128.74,33,3.1,33
208,fortuna,20,ES,2018-10-20,83,38.18,-1.13,22,9.8,22
209,porto belo,75,BR,2018-10-20,77,-27.15,-48.54,19,2.1,17.91
210,sinnamary,12,GF,2018-10-20,93,5.38,-52.96,27.55,6.26,27.55
211,aguimes,0,ES,2018-10-20,68,27.91,-15.45,19,2.6,19
212,airai,20,TL,2018-10-20,51,-8.93,125.41,29.35,0.66,29.35
213,lumut,12,ID,2018-10-20,100,-8.46,120.34,28.15,0.71,28.15
214,khatanga,56,RU,2018-10-20,80,71.98,102.47,-15.5,3.56,-15.5
215,los llanos de aridane,48,ES,2018-10-20,72,28.66,-17.92,19,3.1,19
216,gazanjyk,0,TM,2018-10-20,81,39.24,55.52,2.35,1.31,2.35
217,kodiak,1,US,2018-10-20,69,39.95,-94.76,3,2.6,3
218,kuhestan,,,,,,,,,
219,xining,0,CN,2018-10-20,75,36.62,101.77,4.85,1.61,4.85
220,storforshei,92,NO,2018-10-20,98,66.4,14.52,3.03,3.51,3.03
221,upernavik,68,GL,2018-10-20,100,72.79,-56.15,-4.73,5.71,-4.73
222,provideniya,0,RU,2018-10-20,100,64.42,-173.23,3.55,4.76,3.55
223,pocerski pricinovic,80,RS,2018-10-20,100,44.72,19.71,11,4.6,10.67
224,otane,0,NZ,2018-10-20,47,-39.89,176.62,21.3,1.96,21.3
225,talaya,88,RU,2018-10-20,79,55.79,84.89,1.28,7.36,1.28
226,mokhsogollokh,20,RU,2018-10-20,80,61.4,128.95,-2.13,1.61,-2.13
227,aksarka,80,RU,2018-10-20,94,66.56,67.8,-2.65,4.81,-2.65
228,nizhneyansk,,,,,,,,,
229,kaitangata,8,NZ,2018-10-20,72,-46.28,169.85,20.88,2.31,20.88
230,at-bashi,0,KG,2018-10-20,68,41.17,75.81,-8.9,1.01,-8.9
231,victoria,75,BN,2018-10-20,94,5.28,115.24,26,1,26
232,chapais,90,CA,2018-10-20,86,49.78,-74.86,-3,5.7,-3
233,grand gaube,40,MU,2018-10-20,88,-20.01,57.66,22,1,22
234,puerto baquerizo moreno,12,EC,2018-10-20,100,-0.9,-89.6,21.95,5.66,21.95
235,esperance,40,TT,2018-10-20,88,10.24,-61.45,26,2.6,26
236,australind,76,AU,2018-10-20,87,-33.28,115.72,16.53,9.86,16.53
237,ahuimanu,40,US,2018-10-20,69,21.44,-157.84,30,3.6,28.51
238,tocopilla,76,CL,2018-10-20,100,-22.09,-70.2,13.38,1.31,13.38
239,bengkulu,,,,,,,,,
240,brokopondo,0,SR,2018-10-20,94,5.06,-54.98,24,2.1,24
241,scarborough,80,GB,2018-10-20,87,54.28,-0.41,12,2.1,10.63
242,richards bay,80,ZA,2018-10-20,91,-28.77,32.06,14.2,8.26,14.2
243,alencon,0,FR,2018-10-20,93,48.43,0.08,5,0.5,5
244,marcona,,,,,,,,,
245,chuy,8,UY,2018-10-20,93,-33.69,-53.46,11.28,3.06,11.28
246,comodoro rivadavia,0,AR,2018-10-20,54,-45.87,-67.48,12,2.6,12
247,aitape,36,PG,2018-10-20,100,-3.15,142.36,27.63,2.06,27.63
248,la ronge,20,CA,2018-10-20,64,55.1,-105.3,1,2.6,1
249,mayo,75,CA,2018-10-20,86,63.59,-135.9,3,1,3
250,hermosillo,5,MX,2018-10-20,61,29.09,-110.96,28,1.5,28
251,tabory,100,PL,2018-10-20,98,53.89,19.53,6.53,2.51,6.53
252,hofn,0,IS,2018-10-20,98,64.25,-15.21,6.3,19.01,6.3
253,umm lajj,0,SA,2018-10-20,100,25.02,37.27,21.1,1.31,21.1
254,bandarbeyla,100,SO,2018-10-20,100,9.49,50.81,23.95,2.36,23.95
255,visby,0,SE,2018-10-20,100,57.64,18.3,2,2.6,2
256,oktyabrskiy,75,RU,2018-10-20,70,55.61,37.97,6,2,6
257,sorland,8,NO,2018-10-20,100,67.67,12.69,10.05,16.56,10.05
258,sandhaven,,,,,,,,,
259,grindavik,75,IS,2018-10-20,100,63.84,-22.43,5,18.5,5
260,xai-xai,92,MZ,2018-10-20,100,-25.04,33.64,19.03,10.91,19.03
261,george,20,NG,2018-10-20,94,6.63,3.35,26,3.26,26
262,dubbo,0,AU,2018-10-20,31,-32.25,148.6,23,3.6,23
263,marzuq,0,YE,2018-10-20,90,14.4,46.47,11,1.06,11
264,karangasem,20,ID,2018-10-20,98,-6.7,108.49,29.25,3.11,29.25
265,umzimvubu,,,,,,,,,
266,mulatupo,,,,,,,,,
267,tura,0,IN,2018-10-20,84,25.52,90.21,25.2,1.66,25.2
268,naze,76,NG,2018-10-20,94,5.43,7.07,23.75,3.01,23.75
269,polson,0,US,2018-10-20,88,47.69,-114.16,3.45,0.61,3.45
270,guerrero negro,0,MX,2018-10-20,78,27.97,-114.04,19.55,3.21,19.55
271,panguipulli,40,CL,2018-10-20,93,-39.64,-72.33,9,1,9
272,gat,76,SN,2018-10-20,66,14.69,-16.54,27.45,5.56,27.45
273,petropavlovsk-kamchatskiy,68,RU,2018-10-20,36,53.05,158.65,9,1,9
274,alofi,0,NU,2018-10-20,69,-19.06,-169.92,25,9.3,25
275,sentyabrskiy,,,,,,,,,
276,zhezkazgan,0,KZ,2018-10-20,64,47.8,67.71,0,4,0
277,warqla,,,,,,,,,
278,katherine,40,AU,2018-10-20,34,-14.47,132.26,36,2.1,36
279,tautira,20,PF,2018-10-20,66,-17.73,-149.15,29,6.2,29
280,vrangel,0,RU,2018-10-20,93,42.73,133.08,15.38,3.16,15.38
281,green river,1,US,2018-10-20,27,41.53,-109.47,11,4.6,11
282,dikson,48,RU,2018-10-20,100,73.51,80.55,-2.9,3.41,-2.9
283,mahebourg,40,MU,2018-10-20,88,-20.41,57.7,22,1,22
284,zhengjiatun,0,CN,2018-10-20,37,43.51,123.51,15.13,5.56,15.13
285,namibe,32,AO,2018-10-20,100,-15.19,12.15,21.25,3.66,21.25
286,inderborskiy,,,,,,,,,
287,vao,64,EE,2018-10-20,92,59.1,26.19,6.15,2.06,6.15
288,parvatsar,0,IN,2018-10-20,40,26.88,74.77,22.63,2.96,22.63
289,muromtsevo,92,RU,2018-10-20,95,56.37,75.24,3.53,1.81,3.53
290,ambilobe,48,MG,2018-10-20,87,-13.19,49.05,19.93,1.66,19.93
291,preobrazheniye,0,RU,2018-10-20,28,42.9,133.91,16.9,1.21,16.9
292,starkville,90,US,2018-10-20,100,33.45,-88.82,13,5.26,12.48
293,aksu,90,KZ,2018-10-20,76,52.04,76.93,9,9,9
294,narsingi,75,IN,2018-10-20,88,18.04,78.43,25,2.06,25
295,samusu,,,,,,,,,
296,akyab,,,,,,,,,
297,rosetta,0,EG,2018-10-20,88,31.4,30.42,19,1.11,19
298,domoni,,,,,,,,,
299,shenzhen,20,CN,2018-10-20,65,22.54,114.05,27,7.2,26.31
300,araouane,36,ML,2018-10-20,27,18.9,-3.53,26.43,7.21,26.43
301,benavente,20,PT,2018-10-20,82,38.98,-8.82,17,4.1,15.86
302,agirish,88,RU,2018-10-20,75,61.92,63.02,-3.58,4.36,-3.58
303,ahipara,20,NZ,2018-10-20,63,-35.17,173.16,20,3.01,20
304,barlinek,90,PL,2018-10-20,100,53,15.22,6,1,6
305,isabela,48,PH,2018-10-20,93,10.2,122.99,27.43,1.46,27.43
306,san jose iturbide,75,MX,2018-10-20,82,21,-100.38,16,5.1,16
307,olinda,0,EC,2018-10-20,73,-2.03,-79.75,24,6.7,24
308,luangwa,44,MZ,2018-10-20,50,-15.62,30.4,23.4,8.51,23.4
309,puerto madryn,20,AR,2018-10-20,93,-42.77,-65.04,12.1,7.81,12.1
310,kulu,0,CD,2018-10-20,94,3.47,23.69,22.13,0.36,22.13
311,longyearbyen,40,NO,2018-10-20,99,78.22,15.63,5,8.7,5
312,ponta do sol,8,BR,2018-10-20,68,-20.63,-46,16.6,4.56,16.6
313,vaitupu,,,,,,,,,
314,veinticinco de mayo,0,AR,2018-10-20,72,-27.38,-54.75,17.05,4.26,17.05
315,huarmey,20,PE,2018-10-20,89,-10.07,-78.15,12.28,1.41,12.28
316,broome,0,GB,2018-10-20,100,52.47,1.45,10,3.1,9
317,maniwaki,12,CA,2018-10-20,76,46.38,-75.98,1.18,3.56,1.18
318,saint-philippe,90,CA,2018-10-20,73,45.36,-73.48,6,4.6,5.23
319,chake chake,92,TZ,2018-10-20,97,-5.25,39.77,26.2,3.66,26.2
320,eyl,76,SO,2018-10-20,100,7.98,49.82,24.35,3.11,24.35
321,east london,76,ZA,2018-10-20,100,-33.02,27.91,16.45,4.06,16.45
322,mys shmidta,,,,,,,,,
323,port hedland,0,AU,2018-10-20,21,-20.31,118.58,35,5.1,35
324,maymyo,75,MM,2018-10-20,94,22.03,96.47,24,1,24
325,santa maria,0,BR,2018-10-20,77,-29.69,-53.81,15,6.2,15
326,kenai,90,US,2018-10-20,61,60.55,-151.26,9,5.1,8.51
327,luz,48,BR,2018-10-20,67,-19.79,-45.68,18.45,5.56,18.45
328,husavik,92,CA,2018-10-20,82,50.56,-96.99,0.8,4.51,0.8
329,fairbanks,75,US,2018-10-20,93,64.84,-147.72,2,2.1,1.63
330,pangai,92,TO,2018-10-20,100,-19.8,-174.35,23.75,10.66,23.75
331,aksum,8,ET,2018-10-20,95,14.12,38.72,10.45,1.16,10.45
332,oum hadjer,0,TD,2018-10-20,54,13.3,19.7,16.95,1.26,16.95
333,abu kamal,68,SY,2018-10-20,81,34.45,40.92,15.8,1.41,15.8
334,nguiu,,,,,,,,,
335,wanning,75,AT,2018-10-20,76,48.64,13.53,9,1.5,9
336,puquio,56,PE,2018-10-20,69,-14.69,-74.12,1.03,0.81,1.03
337,pizarro,92,CO,2018-10-20,100,4.95,-77.37,25.1,2.41,25.1
338,lota,0,DZ,2018-10-20,93,36.63,5.3,18,4.1,15.61
339,panama city,75,US,2018-10-20,83,30.16,-85.65,24,3.1,23.48
340,nan,20,TH,2018-10-20,83,18.78,100.78,27,1.5,27
341,flin flon,100,CA,2018-10-20,80,54.77,-101.88,2.5,4.66,2.5
342,ust-karsk,0,RU,2018-10-20,64,52.71,118.82,3.9,1.51,3.9
343,north bend,1,US,2018-10-20,87,43.41,-124.22,11,3.6,9.87
344,asau,,,,,,,,,
345,dovers,92,VC,2018-10-20,100,12.88,-61.18,25.78,7.16,25.78
346,dzhebariki-khaya,56,RU,2018-10-20,73,62.22,135.8,-6.4,1.46,-6.4
347,yulara,0,AU,2018-10-20,14,-25.24,130.99,28,4.1,28
348,ilulissat,48,GL,2018-10-20,61,69.22,-51.1,-8,8.7,-8
349,kotdwara,0,IN,2018-10-20,59,29.75,78.53,15.03,1.51,15.03
350,laguna,75,MX,2018-10-20,42,27.52,-110.01,28,2.1,28
351,kiruna,92,SE,2018-10-20,100,67.86,20.23,1,8.7,1
352,ngorongoro,0,TZ,2018-10-20,91,-3.24,35.49,10.75,1.16,10.75
353,solovetskiy,,,,,,,,,
354,najran,40,SA,2018-10-20,72,17.54,44.22,20,2.26,20
355,puerto escondido,90,MX,2018-10-20,69,15.86,-97.07,24,0.41,24
356,louth,24,GB,2018-10-20,93,53.37,0,12,5.7,9.89
357,paamiut,80,GL,2018-10-20,100,61.99,-49.67,-0.73,2.41,-0.73
358,vardo,90,US,2018-10-20,87,39.62,-77.74,11,1.5,8.98
359,hami,20,CN,2018-10-20,55,42.84,93.51,5.68,1.86,5.68
360,mocambique,,,,,,,,,
361,shingu,20,JP,2018-10-20,42,33.72,135.99,20,2.6,20
362,bowen,0,AU,2018-10-20,40,-20.01,148.25,31,3.1,31
363,coquimbo,0,CL,2018-10-20,81,-29.95,-71.34,12,1.5,12
364,cabedelo,75,BR,2018-10-20,83,-6.97,-34.84,24,1,24
365,samarai,80,PG,2018-10-20,100,-10.62,150.67,27.05,5.31,27.05
366,termoli,12,IT,2018-10-20,86,42,14.99,16.65,6.61,16.65
367,butembo,12,CD,2018-10-20,94,0.12,29.29,13.25,0.96,13.25
368,havelock,1,US,2018-10-20,100,34.88,-76.9,21,4.6,19.53
369,aviles,0,ES,2018-10-20,93,43.55,-5.92,14,1.5,14
370,byron bay,92,AU,2018-10-20,61,-28.65,153.62,26,5.7,26
371,maiduguri,0,NG,2018-10-20,62,11.84,13.15,18.18,1.21,18.18
372,mullaitivu,,,,,,,,,
373,sambava,68,MG,2018-10-20,100,-14.27,50.17,23.78,1.21,23.78
374,hovd,75,NO,2018-10-20,87,63.83,10.7,12,1,10.59
375,shelburne,90,CA,2018-10-20,56,44.08,-80.2,6,5.7,4.99
376,hasaki,20,JP,2018-10-20,49,35.73,140.83,20,6.2,20
377,attawapiskat,,,,,,,,,
378,galiwinku,,,,,,,,,
379,lompoc,1,US,2018-10-20,52,34.64,-120.46,22,2.6,19.05
380,presidencia roque saenz pena,24,AR,2018-10-20,55,-26.79,-60.44,25.05,5.66,25.05
381,lerwick,100,GB,2018-10-20,81,60.15,-1.15,10,10.8,10
382,yantongshan,32,CN,2018-10-20,60,43.28,126.02,13.5,3.21,13.5
383,asyut,0,EG,2018-10-20,56,27.18,31.19,21,3.1,21
384,campo verde,75,PE,2018-10-20,83,-8.47,-74.81,28,3.6,28
385,port elizabeth,90,US,2018-10-20,87,39.31,-74.98,14,3.1,13.3
386,lermontovka,0,RU,2018-10-20,60,47.15,134.34,10.88,1.31,10.88
387,hay river,75,CA,2018-10-20,46,60.82,-115.79,10,7.2,10
388,port blair,68,IN,2018-10-20,100,11.67,92.75,27.93,1.76,27.93
389,yumen,0,CN,2018-10-20,45,40.29,97.04,7.13,4.11,7.13
390,olafsvik,,,,,,,,,
391,nenjiang,0,CN,2018-10-20,43,49.17,125.23,14.15,4.11,14.15
392,jahrom,,,,,,,,,
393,takoradi,0,GH,2018-10-20,100,4.89,-1.75,25.65,3.26,25.65
394,sindor,24,RU,2018-10-20,82,62.87,51.9,-3.98,1.86,-3.98
395,bongaree,75,AU,2018-10-20,54,-27.08,153.16,26,5.7,26
396,rawson,0,AR,2018-10-20,78,-43.3,-65.11,12.93,7.06,12.93
397,konya,40,TR,2018-10-20,93,37.87,32.48,9,3.1,9
398,ilmenau,75,DE,2018-10-20,86,50.69,10.91,5,3.6,5
399,malmo,1,US,2018-10-20,79,46.33,-93.52,-2,4.21,-2.59
400,nemuro,20,JP,2018-10-20,48,43.32,145.57,16,4.1,16
401,celestun,0,MX,2018-10-20,98,20.87,-90.4,28.5,7.06,28.5
402,bakchar,92,RU,2018-10-20,84,57.02,82.07,1.7,4.31,1.7
403,saint-joseph,0,FR,2018-10-20,82,43.56,6.97,17,2.1,14.28
404,te anau,48,NZ,2018-10-20,65,-45.41,167.72,17.88,1.91,17.88
405,talnakh,92,RU,2018-10-20,100,69.49,88.39,-4.4,1.31,-4.4
406,kiunga,12,PG,2018-10-20,80,-6.12,141.3,28.35,1.26,28.35
407,kodinar,0,IN,2018-10-20,50,20.79,70.7,26.45,1.96,26.45
408,taksimo,88,RU,2018-10-20,77,56.36,114.84,-0.2,1.16,-0.2
409,zhangye,0,CN,2018-10-20,79,38.94,100.46,6.1,1.96,6.1
410,moron,90,VE,2018-10-20,73,10.49,-68.2,24,1.21,24
411,belyy yar,90,RU,2018-10-20,100,53.6,91.39,-2,2,-2
412,pemangkat,,,,,,,,,
413,tabiauea,,,,,,,,,
414,chulman,92,RU,2018-10-20,69,56.84,124.9,-2.3,2.11,-2.3
415,kargasok,92,RU,2018-10-20,79,59.06,80.87,1.8,3.46,1.8
416,nueve de julio,92,AR,2018-10-20,93,-31.67,-68.39,13.28,1.66,13.28
417,aleksandrovskiy zavod,44,RU,2018-10-20,64,50.92,117.94,8.93,1.51,8.93
418,nanga eboko,64,CM,2018-10-20,94,4.68,12.37,21.28,2.86,21.28
419,port hardy,75,CA,2018-10-20,93,50.7,-127.42,8,1.21,8
420,coihaique,0,CL,2018-10-20,81,-45.58,-72.07,6,2.6,5.43
421,colares,20,PT,2018-10-20,82,38.8,-9.45,17,4.1,15.85
422,tuxpan,76,MX,2018-10-20,96,19.56,-103.38,16.35,0.36,16.35
423,jodar,0,ES,2018-10-20,72,37.84,-3.35,16.03,3.61,16.03
424,nicoya,0,CR,2018-10-20,83,10.15,-85.45,25,2.6,25
425,khorixas,92,NA,2018-10-20,57,-20.37,14.96,18.8,0.96,18.8
426,hauterive,0,FR,2018-10-20,93,46.09,3.45,6,0.5,4.44
427,sokol,76,RU,2018-10-20,93,59.46,40.11,0.8,1.41,0.8
428,mount gambier,80,AU,2018-10-20,75,-37.83,140.78,17.18,2.06,17.18
429,cururupu,0,BR,2018-10-20,90,-1.82,-44.87,24.63,2.31,24.63
430,dolores,88,AR,2018-10-20,72,-36.31,-57.68,11.85,3.51,11.85
431,khani,40,GE,2018-10-20,87,41.96,42.96,12,1,12
432,phulpur,0,IN,2018-10-20,64,26.08,82.87,27.38,1.96,27.38
433,poum,76,MK,2018-10-20,100,41.28,20.71,4.25,0.66,4.25
434,oranjemund,0,ZA,2018-10-20,77,-28.55,16.43,17.75,2.71,17.75
435,tanete,12,ID,2018-10-20,61,-3.94,119.78,32.55,2.31,32.55
436,penzance,0,GB,2018-10-20,93,50.12,-5.53,9,3.6,9
437,bossier city,1,US,2018-10-20,93,32.52,-93.73,15,2.1,14.4
438,gondanglegi,12,ID,2018-10-20,48,-7.75,112.01,31.4,2.11,31.4
439,abaza,44,RU,2018-10-20,91,52.65,90.1,-1.85,1.41,-1.85
440,klaksvik,68,FO,2018-10-20,70,62.23,-6.59,8,11.8,8
441,tamandare,32,BR,2018-10-20,87,-8.28,-70.75,26.18,2.31,26.18
442,batemans bay,24,AU,2018-10-20,75,-35.71,150.18,17.78,1.86,17.78
443,mgandu,20,TZ,2018-10-20,73,-5.96,34.11,17.43,4.31,17.43
444,plainview,1,US,2018-10-20,61,34.18,-101.71,12,1.5,11.28
445,kurilsk,0,RU,2018-10-20,82,45.23,147.88,12.5,3.71,12.5
446,lianyuan,100,CN,2018-10-20,100,27.69,111.67,14.25,1.56,14.25
447,victor harbor,0,AU,2018-10-20,42,-35.55,138.62,19,6.7,19
448,cheremisinovo,76,RU,2018-10-20,74,51.89,37.26,7.3,4.11,7.3
449,marica,40,BR,2018-10-20,68,-22.92,-42.82,21,2.6,18.61
450,sanguem,0,IN,2018-10-20,63,15.23,74.14,24.88,1.16,24.88
451,avera,1,US,2018-10-20,77,33.19,-82.53,19,4.1,17.86
452,ilhabela,68,BR,2018-10-20,100,-23.78,-45.36,19.65,5.01,19.65
453,koumac,48,NC,2018-10-20,77,-20.56,164.28,26.25,2.76,26.25
454,awjilah,0,LY,2018-10-20,94,29.14,21.3,20.18,4.66,20.18
455,mersin,75,TR,2018-10-20,82,36.81,34.63,19,4.1,19
456,arshan,0,YE,2018-10-20,94,14.32,46.95,12.93,0.76,12.93
457,altea,20,ES,2018-10-20,83,38.6,-0.05,22,9.8,22
458,kutum,0,SD,2018-10-20,38,14.2,24.66,11.85,2.46,11.85
459,caravelas,56,BR,2018-10-20,100,-17.73,-39.27,24.18,11.06,24.18
460,qixingtai,92,CN,2018-10-20,100,30.41,111.89,14.13,2.76,14.13
461,sesimbra,20,PT,2018-10-20,82,38.45,-9.1,17,4.1,15.89
462,neiafu,40,TO,2018-10-20,61,-18.65,-173.98,26,50.9,26
463,san luis,80,AR,2018-10-20,91,-33.3,-66.34,17.4,1.06,17.4
464,springdale,1,US,2018-10-20,57,36.19,-94.13,12,1.5,11.2
465,conde,92,BR,2018-10-20,94,-11.81,-37.61,24.93,3.76,24.93
466,wanlaweyn,64,SO,2018-10-20,89,2.62,44.89,21.03,1.26,21.03
467,camabatela,56,AO,2018-10-20,99,-8.19,15.37,17.6,1.16,17.6
468,kampot,36,KH,2018-10-20,89,10.62,104.18,28.28,1.86,28.28
469,eldersburg,90,US,2018-10-20,87,39.4,-76.95,16,1.5,11.59
470,teluknaga,20,ID,2018-10-20,49,-6.1,106.64,33,3.6,33
471,sola,90,NO,2018-10-20,93,58.89,5.65,12,5.1,12
472,hamilton,75,BM,2018-10-20,69,32.3,-64.78,24,5.7,24
473,ponta delgada,75,PT,2018-10-20,88,37.73,-25.67,19,7.7,19
474,omsukchan,68,RU,2018-10-20,89,62.53,155.8,-8.58,1.61,-8.58
475,lanzhou,40,CN,2018-10-20,81,36.06,103.82,8,2,8
476,beira,0,ES,2018-10-20,93,43.2,-8.36,14,2.1,13.53
477,havre-saint-pierre,75,CA,2018-10-20,93,50.23,-63.6,7,6.2,7
478,falealupo,,,,,,,,,
479,cidreira,56,BR,2018-10-20,86,-30.17,-50.22,15.2,3.01,15.2
480,katsuura,20,JP,2018-10-20,55,33.93,134.5,18,2.6,18
481,bibiani,20,GH,2018-10-20,97,6.45,-2.31,21.65,2.66,21.65
482,sosnytsya,76,UA,2018-10-20,67,51.52,32.5,7.93,3.81,7.93
483,srednekolymsk,32,RU,2018-10-20,76,67.46,153.71,-9.4,1.41,-9.4
484,berlevag,20,NO,2018-10-20,100,70.86,29.09,-1,3.86,-1
485,leh,68,IN,2018-10-20,71,34.16,77.58,-14.08,0.96,-14.08
486,cockburn town,76,TC,2018-10-20,100,21.46,-71.14,27.6,6.96,27.6
487,tairua,0,NZ,2018-10-20,57,-37.02,175.85,20.3,3.11,20.3
488,gizo,40,IL,2018-10-20,73,31.8,34.94,22,2.6,21.5
489,bilma,0,NE,2018-10-20,33,18.69,12.92,18.88,1.61,18.88
490,lodwar,12,KE,2018-10-20,90,3.12,35.6,19.2,0.66,19.2
491,pingliang,76,CN,2018-10-20,100,35.54,106.68,8.68,1.61,8.68
492,lipari,20,IT,2018-10-20,88,38.47,14.95,20,1,20
493,sangar,92,RU,2018-10-20,88,63.92,127.47,-5.6,1.96,-5.6
494,leningradskiy,88,RU,2018-10-20,100,69.38,178.42,-2.1,6.06,-2.1
495,nanortalik,36,GL,2018-10-20,89,60.14,-45.24,0.95,11.41,0.95
496,port hawkesbury,90,CA,2018-10-20,100,45.62,-61.36,15,6.7,15
497,uchiza,32,PE,2018-10-20,93,-8.46,-76.46,22,1.01,22
498,tuatapere,8,NZ,2018-10-20,68,-46.13,167.69,17.3,3.41,17.3
499,makarska,0,HR,2018-10-20,48,43.3,17.02,17,2.6,14.65
500,mandan,75,US,2018-10-20,59,46.83,-100.89,4,6.7,3.51
501,qaqortoq,64,GL,2018-10-20,52,60.72,-46.03,-7,3.1,-7
502,kon tum,0,VN,2018-10-20,68,14.36,108,26.65,1.21,26.65
503,buzmeyin,0,TM,2018-10-20,75,38.05,58.21,8,3.1,8
504,half moon bay,20,US,2018-10-20,82,37.46,-122.43,22,8.2,17.34
505,shafranovo,56,RU,2018-10-20,98,53.97,54.77,1.6,2.21,1.6
506,abu samrah,24,SY,2018-10-20,92,35.3,37.18,12.63,1.31,12.63
507,nizwa,44,OM,2018-10-20,80,22.93,57.53,18.38,1.16,18.38
508,proletariy,92,RU,2018-10-20,96,58.43,31.7,5.6,1.31,5.6
509,kikwit,88,CD,2018-10-20,100,-5.04,18.82,20.78,2.96,20.78
510,el sauzal,90,AR,2018-10-20,73,-24.3,-64.96,23,1.5,23
511,kahului,40,US,2018-10-20,54,20.89,-156.47,29,6.7,27.6
512,westport,92,IE,2018-10-20,98,53.8,-9.52,13.45,6.31,13.45
513,namwala,8,ZM,2018-10-20,68,-15.75,26.45,21.4,6.31,21.4
514,skovorodino,32,RU,2018-10-20,51,53.99,123.94,3.05,3.31,3.05
515,huilong,92,CN,2018-10-20,100,28.89,110.18,12.85,1.36,12.85
516,atbasar,36,KZ,2018-10-20,63,51.81,68.36,5.2,7.16,5.2
517,vestmanna,44,FO,2018-10-20,70,62.16,-7.17,8,11.8,8
518,chagda,,,,,,,,,
519,vostok,0,RU,2018-10-20,54,46.45,135.83,10.4,1.31,10.4
520,luancheng,0,CN,2018-10-20,54,37.88,114.65,15,1,15
521,meulaboh,8,ID,2018-10-20,100,4.14,96.13,27.85,1.51,27.85
522,shakawe,92,BW,2018-10-20,25,-18.36,21.84,28.55,5.21,28.55
523,magadan,90,RU,2018-10-20,100,59.56,150.8,4,2.01,4
524,cayenne,0,GF,2018-10-20,94,4.94,-52.33,25,1.5,25
525,balagansk,68,RU,2018-10-20,99,54.01,103.05,0.7,2.31,0.7
526,karasburg,68,NA,2018-10-20,12,-28.01,18.75,22.6,7.71,22.6
527,sahrak,,,,,,,,,
528,miraflores,56,CO,2018-10-20,92,5.2,-73.14,9.95,0.86,9.95
529,ndele,,,,,,,,,
530,jimenez,92,PA,2018-10-20,100,8.54,-82.37,22.95,1.51,22.95
531,chimore,76,BO,2018-10-20,94,-16.98,-65.13,22.85,1.16,22.85
532,cedar city,1,US,2018-10-20,44,37.68,-113.06,16,6.7,16
533,caala,12,AO,2018-10-20,93,-12.85,15.56,12.78,0.96,12.78
534,qasigiannguit,48,GL,2018-10-20,61,68.82,-51.19,-8,8.7,-8
535,ostrovnoy,56,RU,2018-10-20,99,68.05,39.51,-1.08,4.36,-1.08
536,muros,0,ES,2018-10-20,87,42.77,-9.06,14,1,14
537,gimbi,0,ET,2018-10-20,85,8.81,37.79,5.6,1.21,5.6
538,ballina,92,IE,2018-10-20,98,54.11,-9.15,13.65,5.66,13.65
539,jalu,0,LY,2018-10-20,95,29.03,21.55,19.65,4.36,19.65
540,myaundzha,48,RU,2018-10-20,74,63.05,147.18,-17.15,1.66,-17.15
541,hakkari,0,FI,2018-10-20,100,61.34,23.75,4,2.6,4
542,burica,,,,,,,,,
543,surgut,90,RU,2018-10-20,98,61.25,73.4,0,1,0
544,hushitai,36,CN,2018-10-20,48,41.93,123.51,17,5,17
545,broken hill,0,AU,2018-10-20,47,-31.97,141.45,21.95,2.06,21.95
546,kamenskoye,,,,,,,,,
547,darhan,88,MN,2018-10-20,84,49.49,105.92,2.13,6.11,2.13
548,lienz,0,AT,2018-10-20,79,46.83,12.77,-1.33,0.71,-1.33
549,karratha,0,AU,2018-10-20,14,-20.74,116.85,36.05,2.11,36.05
550,donskoye,0,RU,2018-10-20,81,45.45,41.98,12,2,12
551,gushikawa,75,JP,2018-10-20,53,26.35,127.87,26,5.1,25.56
552,ambulu,0,ID,2018-10-20,86,-8.35,113.61,27.15,1.66,27.15
553,pangkalanbuun,88,ID,2018-10-20,96,-2.68,111.62,26.5,2.11,26.5
554,eirunepe,36,BR,2018-10-20,89,-6.66,-69.87,25.65,1.11,25.65
555,velikiy ustyug,76,RU,2018-10-20,98,60.76,46.3,0.05,2.86,0.05
556,raudeberg,100,NO,2018-10-20,100,61.99,5.14,11,8.2,11
557,stornoway,,,,,,,,,
558,guiglo,80,CI,2018-10-20,95,6.55,-7.5,22.6,1.21,22.6
559,yarmouth,90,GB,2018-10-20,100,50.71,-1.5,9,1,7.7
560,saint-leu,0,RE,2018-10-20,69,-21.15,55.28,23,2.6,22.48
561,shenjiamen,76,CN,2018-10-20,87,29.96,122.3,21.4,4.66,21.4
562,yuncheng,92,CN,2018-10-20,94,35.03,111,10.1,1.66,10.1
563,hella,88,IS,2018-10-20,89,63.84,-20.4,6.03,15.16,6.03
564,la libertad,0,PE,2018-10-20,35,-16.38,-71.56,14,2.6,14
565,nueva helvecia,44,UY,2018-10-20,63,-34.28,-57.23,15.43,4.66,15.43
566,margate,20,AU,2018-10-20,48,-43.03,147.26,16,5.1,16
567,baykit,48,RU,2018-10-20,86,61.68,96.39,-0.33,1.66,-0.33
568,inuvik,90,CA,2018-10-20,92,68.36,-133.71,-5,2.1,-5
569,linhares,56,BR,2018-10-20,80,-19.38,-40.06,19.45,5.36,19.45
570,kayerkan,92,RU,2018-10-20,97,69.35,87.76,-4.6,2.06,-4.6
571,kwinana,75,AU,2018-10-20,88,-32.25,115.77,19,9.8,18.37
572,oktyabrskoye,92,RU,2018-10-20,77,56.73,85.44,0.93,4.31,0.93
573,la roche-sur-yon,0,FR,2018-10-20,93,46.67,-1.43,11,1,9.74
574,sinnai,0,IT,2018-10-20,93,39.3,9.2,20,2.1,17.73
575,ust-kamchatsk,,,,,,,,,
576,aku,0,NG,2018-10-20,86,7.36,7.54,25.18,3.86,25.18
577,estacion coahuila,1,MX,2018-10-20,37,32.19,-115,28,2.1,28
578,safaga,,,,,,,,,
579,tutoia,0,BR,2018-10-20,84,-2.76,-42.27,25.78,5.06,25.78
580,krasnaya gorka,20,RU,2018-10-20,92,55.19,56.67,-0.4,3.16,-0.4
581,ixtapa,90,MX,2018-10-20,100,20.71,-105.21,28,1.5,28
582,paris,0,FR,2018-10-20,87,48.86,2.35,8,1,5.23
583,kutahya,75,TR,2018-10-20,93,39.42,29.98,10,1.31,9.5
584,sinkat,,,,,,,,,
585,fort nelson,20,CA,2018-10-20,29,58.81,-122.69,11,5.1,11
586,palmer,1,US,2018-10-20,95,61.6,-149.11,9,3.6,8.72
587,zhigansk,92,RU,2018-10-20,94,66.77,123.37,-3.1,3.76,-3.1
588,buta,0,CD,2018-10-20,89,2.79,24.73,22.55,0.91,22.55
589,tumannyy,,,,,,,,,
590,santa eulalia del rio,,,,,,,,,
591,plouzane,0,FR,2018-10-20,100,48.38,-4.62,10,1.5,9.24
592,ranau,36,MY,2018-10-20,71,5.95,116.67,26,0.96,26
593,ibra,0,OM,2018-10-20,90,22.69,58.55,17,0.86,17
594,saldanha,20,PT,2018-10-20,93,41.42,-6.55,13.38,4.31,13.38
595,beloha,80,MG,2018-10-20,87,-25.17,45.06,15.85,3.96,15.85
596,pundaguitan,0,PH,2018-10-20,100,6.37,126.17,28.55,0.86,28.55
597,bay roberts,90,CA,2018-10-20,87,47.58,-53.28,10,11.3,10
598,namie,20,JP,2018-10-20,51,37.52,140.86,19,5.1,17.59
599,port moresby,40,PG,2018-10-20,66,-9.47,147.16,30,5.1,30
600,milan,32,IT,2018-10-20,100,45.47,9.19,13,2.1,11.24
601,jabiru,,,,,,,,,
